sequence,label,category,GAP1,ANuPP1,Aggrescan,Pasta2,HA,ANuPP,GAP,AggBERT1,AggBERT,AggBERT2
GVIWIA,1,2,1,1,1,1,1,0.66,1,1,0.8786,0.9786
LATVYA,0,2,1,1,1,0,0.447190103,0.52,0.996,1,0.7715,0.9715
GLSIFV,1,2,1,1,1,0,1,0.7,1,1,0.8773,0.9773
TFWEIS,0,2,0,0,0,0,0.723130755,0.45,0,1,0.8738,0.9738
YIFNNC,1,2,1,0,0,0,0.394144942,0.49,1,1,0.8525,0.9525
ERIEKV,0,2,0,0,0,0,0,0.28,0,1,0.5694,0.5694
LNTVYV,1,2,1,1,0,1,0.823867547,0.64,0.999,1,0.8794,0.9794
CQIVYK,1,2,1,1,1,0,1,0.59,1,1,0.87,0.97
VQIVYT,1,2,1,1,1,1,1,0.71,1,1,0.8814,0.9814
PMINLY,0,2,1,0,0,0,3.29E-17,0.49,0.989,1,0.8718,0.9718
TVIVIR,0,2,0,1,1,1,0.668025493,0.66,0.15,1,0.8642,0.9642
VQIVVK,1,2,1,1,1,1,1,0.74,0.997,1,0.8793,0.9793
AEMEYL,0,2,0,0,0,0,0.38999375,0.31,0,0,0.0584,0.00584
RMFNII,0,2,0,0,0,0,0.203533684,0.49,0,1,0.8715,0.9715
GYFLNM,1,2,1,1,1,0,0.95230837,0.51,0.999,1,0.8761,0.9761
VEIVYK,1,2,1,1,1,0,0.946954838,0.67,0.999,1,0.8636,0.9636
LQTVYV,1,2,1,1,1,0,0.770822386,0.64,0.999,1,0.8779,0.9779
VQIVYI,1,2,1,1,1,1,1,0.76,1,1,0.8792,0.9792
TGVVVV,0,2,1,1,1,1,3.29E-17,0.75,1,1,0.8345,0.9345
EYLKIA,0,2,0,0,0,0,0,0.36,0.001,0,0.1041,0.1041
LAVVYV,1,2,1,1,1,1,1,0.75,1,1,0.8798,0.9798
VQIVYC,1,2,1,1,1,1,1,0.73,1,1,0.8721,0.9721
SEVIIE,1,2,1,1,1,0,0.63325629,0.54,0.997,1,0.8403,0.9403
LATVYP,0,2,1,0,1,0,0.247074123,0.49,0.972,0,0.0789,0.00789
LATVYY,1,2,1,1,1,0,1,0.59,0.999,1,0.8749,0.9749
VIIVYK,1,2,1,1,1,1,1,0.83,0.999,1,0.8727,0.9727
AAELRN,0,2,0,0,0,0,0,0.27,0,0,0.0583,0.00583
SHLVEA,0,2,0,1,1,0,0.243656419,0.54,0,0,0.0618,0.00618
QLFLQI,1,2,1,1,1,0,0.823867547,0.68,0.999,1,0.875,0.975
YLLYYT,1,2,1,1,1,0,0.629838585,0.65,0.732,1,0.8723,0.9723
STVEIE,1,2,1,0,0,0,0.155842054,0.43,0.954,0,0.0745,0.00745
LATVQV,1,2,1,1,1,0,1,0.59,1,1,0.8789,0.9789
SNVIIE,1,2,1,1,1,1,0.58556466,0.57,1,1,0.8397,0.9397
STVMIE,0,2,0,0,1,0,0.146337331,0.46,0.013,0,0.0813,0.00813
VQIVMK,1,2,1,1,1,0,1,0.7,1,1,0.8787,0.9787
DADLYL,0,2,0,0,0,0,0.243656419,0.36,0,0,0.0674,0.9674
STLIIE,1,2,1,1,1,0,0.300852772,0.52,1,1,0.6848,0.00603
SKVIIE,0,2,1,1,1,0,0.155842054,0.53,0.996,1,0.8647,0.9647
WQIVYK,1,2,1,1,1,0,0.823867547,0.53,1,1,0.8766,0.9766
YQAYNA,0,2,1,0,0,0,0,0.31,0.985,0,0.0574,0.00574
WIVIFF,1,2,1,1,1,1,0.823867547,0.75,1,1,0.8775,0.9775
NPAMMA,0,2,1,0,0,0,0,0.32,0.998,0,0.0578,0.00578
STVIWE,0,2,1,0,1,0,0.823867547,0.48,0.723,0,0.093,0.0093
ETVIVI,0,2,1,1,1,1,0.04769163,0.73,0.978,1,0.8612,0.9612
VQIVYD,1,2,1,1,1,0,1,0.67,1,1,0.8729,0.9729
MYWIIF,0,2,0,1,1,1,0.756343581,0.66,0,1,0.8606,0.9606
LVEALY,1,2,1,1,1,0,0.146337331,0.61,1,0,0.0717,0.90717
GNCFIL,1,2,1,1,0,0,1,0.57,0.99,1,0.8793,0.9793
AAIIGQ,1,2,1,0,1,0,0.761697113,0.49,0.687,1,0.8777,0.9777
STFIFE,1,2,1,1,1,0,0.624485054,0.52,0.963,0,0.4188,0.4188
GLFINM,1,2,1,1,1,0,0.620333863,0.59,1,1,0.876,0.976
EEEKSA,0,2,0,0,0,0,0,0.3,0.325,0,0.0588,0.00588
MATVYV,1,2,1,1,1,0,0.770822386,0.62,0.999,1,0.8743,0.9743
AGVNYF,1,2,1,1,0,0,0.946954838,0.52,1,1,0.7556,0.7556
SQVIIE,1,2,1,1,1,0,0.63325629,0.62,1,1,0.8702,0.9702
VTIITV,0,2,1,1,1,1,0.447190103,0.74,0.996,1,0.8724,0.9724
STAIIE,0,2,0,0,0,0,0.190611257,0.46,0.007,1,0.8533,0.9533
LVTVYV,1,2,1,1,1,1,1,0.75,1,1,0.8788,0.9788
YLNWYQ,1,2,1,1,0,0,0.229177614,0.51,1,0,0.0997,0.00997
QATVYV,1,2,1,1,0,0,0.770822386,0.57,0.995,1,0.8749,0.9749
LATVYG,0,2,1,1,1,0,0.256578846,0.51,0.972,0,0.1541,0.1541
LFTVYV,1,2,1,1,1,1,1,0.72,0.999,1,0.8796,0.9796
QFFLQF,1,2,1,1,1,0,0.823867547,0.66,0.64,1,0.7088,0.7088
VIFTIM,1,2,1,1,1,1,0.853662669,0.75,1,1,0.8578,0.9578
WSFYLL,0,2,0,1,1,0,0.447190103,0.59,0,0,0.0769,0.00769
HGWLIM,1,2,1,1,0,0,0.723130755,0.65,1,1,0.8666,0.9666
VVTSEE,0,2,1,0,0,0,0,0.41,0.978,0,0.0617,0.00617
VQIVYS,1,2,1,1,1,0,1,0.72,1,1,0.881,0.981
EKNLYL,0,2,0,0,0,0,0.053045162,0.27,0,0,0.0602,0.00602
LYQLEN,1,2,1,0,0,0,0.522585764,0.41,1,0,0.063,0.0063
VQIVYV,1,2,1,1,1,1,1,0.76,1,1,0.8812,0.9812
LTTVYV,1,2,1,1,1,1,0.823867547,0.66,0.99,1,0.8812,0.9812
TAVHCF,0,2,1,1,0,0,0.580211129,0.63,1,1,0.8712,0.9712
LATKYV,0,2,1,0,0,0,0,0.43,0.999,0,0.0578,0.00578
STVAIE,0,2,0,0,0,0,0.823867547,0.44,0.141,0,0.0816,0.00816
LATVHV,1,2,1,1,1,0,1,0.68,1,1,0.8742,0.9742
KLVFFA,1,2,1,1,1,0,0.376677444,0.7,0.847,0,0.0907,0.00907
STFLIE,1,2,1,1,1,0,0.823867547,0.5,0.996,1,0.8624,0.9624
SSVIIE,1,2,1,1,1,1,0.823867547,0.6,0.996,1,0.8616,0.9616
VQIVYF,1,2,1,1,1,1,1,0.77,1,1,0.8793,0.9793
KLFIIQ,1,2,1,1,1,1,0.203533684,0.71,1,0,0.456,0.456
MERLRI,0,2,0,0,0,0,0,0.28,0.202,0,0.0581,0.00581
HYFNIF,1,2,1,1,0,0,0.580211129,0.73,1,0,0.0618,0.00618
VVIVYK,1,2,1,1,1,1,0.853662669,0.8,1,1,0.8764,0.9764
VTLWWG,1,2,1,1,1,0,1,0.51,1,1,0.8779,0.9779
STLLIE,0,2,1,0,1,0,0.062549884,0.46,0.961,0,0.0655,0.00655
MQIVYK,1,2,1,1,1,0,1,0.6,1,1,0.8149,0.9149
VQIVFK,1,2,1,1,1,1,1,0.77,1,1,0.8789,0.9789
FYLLYY,1,2,1,1,1,0,0.823867547,0.66,1,1,0.8651,0.9651
TTVIIE,1,2,1,1,1,1,1,0.56,1,1,0.8776,0.9776
FIVNIV,1,2,1,1,1,1,0.823867547,0.78,1,1,0.8786,0.9786
VSIVYK,1,2,1,1,1,1,0.853662669,0.72,1,1,0.8794,0.9794
LSTVYV,1,2,1,1,1,0,0.823867547,0.67,0.995,1,0.8805,0.9805
NYVWIV,1,2,1,1,1,1,1,0.68,1,1,0.8749,0.9749
FQIVYK,1,2,1,1,1,0,0.823867547,0.7,1,1,0.8737,0.9737
STVLIE,1,2,1,1,1,0,0.447190103,0.54,0.961,1,0.6928,0.6928
LVFYQQ,1,2,1,1,0,0,0.776175917,0.67,1,1,0.7982,0.7982
IEMIFV,1,2,1,1,1,1,0.823867547,0.71,1,1,0.8765,0.9765
LADVYV,0,2,1,1,0,0,0.057196353,0.65,0.847,0,0.0616,0.00616
DETVIV,0,2,0,1,0,1,0.194028962,0.55,0.004,0,0.1086,0.1086
KAAIDW,0,2,1,0,0,0,0,0.31,0.977,0,0.0596,0.00596
LATVYR,0,2,1,0,1,0,0.247074123,0.38,0.972,0,0.0595,0.00595
KCWCFT,1,2,1,0,0,0,0.322469784,0.43,1,1,0.8329,0.9329
NATVYV,1,2,1,1,0,0,0.823867547,0.53,0.999,1,0.8729,0.9729
TAWYAE,0,2,0,0,0,0,0,0.33,0,0,0.0613,0.00613
ALALQT,0,2,1,0,0,0,0,0.38,0.985,0,0.0577,0.00577
EQIVYK,1,2,1,0,0,0,1,0.47,0.999,1,0.8773,0.9773
LAFVYV,1,2,1,1,1,1,0.853662669,0.71,0.847,1,0.8793,0.9793
ELNIYQ,0,2,1,0,0,0,0,0.43,0.845,0,0.0584,0.00584
STLIFE,0,2,1,1,1,0,0.110241515,0.5,0.999,0,0.0582,0.00582
LIVAGS,1,2,1,1,0,0,1,0.61,1,1,0.8766,0.9766
IATVYV,1,2,1,1,1,1,1,0.7,0.999,1,0.8806,0.9806
LAAVYV,1,2,1,1,1,0,0.823867547,0.67,0.999,1,0.8773,0.9773
